"trip_distance","tip_amount","tipo_taxi","ano"
"10.3","7.45","yellow","2022"
"2.0","4.1","yellow","2022"
"1.0","2.15","yellow","2022"
"2.6","4.7","yellow","2022"
"9.4","11.85","yellow","2022"
"5.2","4.35","yellow","2022"
"6.03","5.16","yellow","2022"
"0.75","2.0","yellow","2022"
"1.39","2.06","yellow","2022"
"11.49","9.2","yellow","2022"
"2.97","1.0","yellow","2022"
"0.95","1.0","yellow","2022"
"4.21","3.56","yellow","2022"
"1.57","2.0","yellow","2022"
"2.88","2.0","yellow","2022"
"14.31","8.51","yellow","2022"
"1.25","2.06","yellow","2022"
"0.8","1.75","yellow","2022"
"6.9","4.5","yellow","2022"
"1.02","1.86","yellow","2022"
"6.7","6.0","yellow","2022"
"1.25","2.16","yellow","2022"
"4.5","3.56","yellow","2022"
"0.79","5.0","yellow","2022"
"1.49","1.0","yellow","2022"
"7.0","5.36","yellow","2022"
"1.01","1.5","yellow","2022"
"2.5","4.4","yellow","2022"
"0.8","2.04","yellow","2022"
"4.71","4.46","yellow","2022"
"6.9","2.63","yellow","2022"
"0.57","1.66","yellow","2022"
"0.57","1.66","yellow","2022"
"1.53","2.26","yellow","2022"
"1.6","2.16","yellow","2022"
"10.5","8.8","yellow","2022"
"1.32","2.06","yellow","2022"
"7.9","2.0","yellow","2022"
"13.77","9.11","yellow","2022"
"8.1","3.0","yellow","2022"
"1.72","6.06","yellow","2022"
"1.43","2.26","yellow","2022"
"4.49","3.86","yellow","2022"
"18.3","12.37","yellow","2022"
"0.96","3.0","yellow","2022"
"1.87","3.08","yellow","2022"
"1.73","1.2","yellow","2022"
"2.69","4.59","yellow","2022"
"1.96","2.56","yellow","2022"
"3.87","3.36","yellow","2022"
"1.32","2.06","yellow","2022"
"1.39","3.2","yellow","2022"
"11.2","8.0","yellow","2022"
"2.5","3.5","yellow","2022"
"20.8","11.3","yellow","2022"
"1.6","2.2","yellow","2022"
"0.9","1.85","yellow","2022"
"1.94","2.66","yellow","2022"
"2.07","2.46","yellow","2022"
"4.24","2.0","yellow","2022"
"1.34","1.94","yellow","2022"
"3.63","3.46","yellow","2022"
"0.66","1.56","yellow","2022"
"2.94","2.76","yellow","2022"
"2.17","2.36","yellow","2022"
"2.56","2.46","yellow","2022"
"2.59","3.82","yellow","2022"
"2.56","2.0","yellow","2022"
"17.54","12.62","yellow","2022"
"0.92","2.0","yellow","2022"
"19.3","15.8","yellow","2022"
"3.0","5.15","yellow","2022"
"0.6","1.65","yellow","2022"
"4.48","4.82","yellow","2022"
"7.49","5.96","yellow","2022"
"1.49","1.0","yellow","2022"
"1.87","1.76","yellow","2022"
"4.52","3.56","yellow","2022"
"3.08","4.59","yellow","2022"
"3.27","2.46","yellow","2022"
"10.66","6.91","yellow","2022"
"7.18","4.61","yellow","2022"
"8.53","6.57","yellow","2022"
"2.66","2.3","yellow","2022"
"4.16","3.56","yellow","2022"
"1.27","1.0","yellow","2022"
"0.78","1.86","yellow","2022"
"1.1","2.15","yellow","2022"
"1.1","3.0","yellow","2022"
"2.81","2.0","yellow","2022"
"2.39","2.66","yellow","2022"
"1.91","2.26","yellow","2022"
"11.6","9.0","yellow","2022"
"2.32","4.83","yellow","2022"
"1.46","2.16","yellow","2022"
"1.4","3.09","yellow","2022"
"3.61","3.16","yellow","2022"
"17.36","12.37","yellow","2022"
"9.5","6.6","yellow","2022"
"4.79","4.46","yellow","2022"
"1.5","2.35","yellow","2022"
"18.05","12.62","yellow","2022"
"1.2","2.25","yellow","2022"
"1.1","1.95","yellow","2022"
"5.3","1.0","yellow","2022"
"2.3","2.0","yellow","2022"
"3.74","3.36","yellow","2022"
"8.45","6.36","yellow","2022"
"4.05","2.0","yellow","2022"
"2.31","2.76","yellow","2022"
"2.61","2.86","yellow","2022"
"1.26","1.86","yellow","2022"
"3.25","2.0","yellow","2022"
"4.38","4.06","yellow","2022"
"1.03","1.86","yellow","2022"
"3.93","5.04","yellow","2022"
"1.02","1.08","yellow","2022"
"1.2","2.45","yellow","2022"
"4.08","1.88","yellow","2022"
"1.4","2.25","yellow","2022"
"0.9","1.65","yellow","2022"
"2.8","3.8","yellow","2022"
"4.59","3.86","yellow","2022"
"0.85","2.45","yellow","2022"
"3.14","2.96","yellow","2022"
"1.72","2.36","yellow","2022"
"1.55","1.0","yellow","2022"
"3.5","3.45","yellow","2022"
"0.6","1.65","yellow","2022"
"2.2","2.55","yellow","2022"
"1.9","2.56","yellow","2022"
"2.09","3.84","yellow","2022"
"7.5","8.75","yellow","2022"
"2.2","2.56","yellow","2022"
"3.37","3.46","yellow","2022"
"1.24","2.16","yellow","2022"
"4.52","6.84","yellow","2022"
"0.8","1.75","yellow","2022"
"3.1","2.95","yellow","2022"
"1.1","0.38","yellow","2022"
"4.27","4.82","yellow","2022"
"7.45","5.46","yellow","2022"
"1.89","2.26","yellow","2022"
"3.4","2.0","yellow","2022"
"7.34","6.16","yellow","2022"
"5.55","4.36","yellow","2022"
"7.7","5.56","yellow","2022"
"18.9","5.0","yellow","2022"
"2.49","2.96","yellow","2022"
"4.87","4.46","yellow","2022"
"3.3","3.06","yellow","2022"
"1.3","2.15","yellow","2022"
"2.1","3.0","yellow","2022"
"9.23","7.57","yellow","2022"
"3.22","3.16","yellow","2022"
"3.3","3.15","yellow","2022"
"2.56","2.86","yellow","2022"
"5.94","6.08","yellow","2022"
"3.56","3.76","yellow","2022"
"19.04","12.62","yellow","2022"
"3.44","1.5","yellow","2022"
"6.37","4.96","yellow","2022"
"1.94","2.46","yellow","2022"
"1.16","2.94","yellow","2022"
"4.1","3.46","yellow","2022"
"20.8","12.6","yellow","2022"
"21.27","10.0","yellow","2022"
"10.38","7.87","yellow","2022"
"2.15","2.46","yellow","2022"
"1.49","2.26","yellow","2022"
"1.87","1.77","yellow","2022"
"1.92","30.0","yellow","2022"
"1.35","2.45","yellow","2022"
"1.96","2.86","yellow","2022"
"1.2","1.0","yellow","2022"
"1.2","2.26","yellow","2022"
"4.27","4.16","yellow","2022"
"1.9","2.35","yellow","2022"
"2.3","2.45","yellow","2022"
"0.6","2.2","yellow","2022"
"1.19","1.7","yellow","2022"
"1.9","3.05","yellow","2022"
"1.0","2.05","yellow","2022"
"2.2","2.65","yellow","2022"
"2.46","1.5","yellow","2022"
"1.79","2.46","yellow","2022"
"1.53","2.26","yellow","2022"
"6.08","5.7","yellow","2022"
"1.27","1.96","yellow","2022"
"1.53","2.26","yellow","2022"
"5.97","6.45","yellow","2022"
"0.66","1.17","yellow","2022"
"3.7","3.65","yellow","2022"
"2.94","3.06","yellow","2022"
"0.6","5.5","yellow","2022"
"1.3","2.15","yellow","2022"
"4.9","4.25","yellow","2022"
"2.45","3.45","yellow","2022"
"3.25","3.26","yellow","2022"
"3.18","3.36","yellow","2022"
"1.9","3.8","yellow","2022"
"5.65","4.76","yellow","2022"
"1.29","2.0","yellow","2022"
"0.97","2.2","yellow","2022"
"1.6","2.26","yellow","2022"
"1.46","1.0","yellow","2022"
"7.79","7.52","yellow","2022"
"4.1","3.4","yellow","2022"
"16.86","12.37","yellow","2022"
"7.8","5.0","yellow","2022"
"0.56","1.66","yellow","2022"
"1.58","3.2","yellow","2022"
"3.46","4.32","yellow","2022"
"3.2","5.55","yellow","2022"
"3.13","3.56","yellow","2022"
"3.5","3.26","yellow","2022"
"6.53","5.26","yellow","2022"
"3.63","3.56","yellow","2022"
"5.58","5.58","yellow","2022"
"8.27","6.77","yellow","2022"
"0.96","2.32","yellow","2022"
"2.13","2.36","yellow","2022"
"8.27","2.0","yellow","2022"
"1.56","2.16","yellow","2022"
"2.22","2.46","yellow","2022"
"1.38","2.16","yellow","2022"
"1.85","2.56","yellow","2022"
"4.37","5.58","yellow","2022"
"4.58","3.76","yellow","2022"
"0.73","1.57","yellow","2022"
"3.5","3.16","yellow","2022"
"1.44","2.46","yellow","2022"
"2.3","2.85","yellow","2022"
"11.9","7.0","yellow","2022"
"1.36","2.06","yellow","2022"
"0.75","1.66","yellow","2022"
"1.17","2.0","yellow","2022"
"2.25","2.56","yellow","2022"
"1.21","3.0","yellow","2022"
"2.15","2.0","yellow","2022"
"15.66","12.37","yellow","2022"
"3.37","3.16","yellow","2022"
"0.8","1.66","yellow","2022"
"0.98","3.09","yellow","2022"
"0.69","1.0","yellow","2022"
"5.6","4.55","yellow","2022"
"3.21","3.16","yellow","2022"
"2.06","2.46","yellow","2022"
"4.66","4.16","yellow","2022"
"1.05","1.5","yellow","2022"
"4.3","4.45","yellow","2022"
"2.7","3.55","yellow","2022"
"3.2","5.0","yellow","2022"
"6.41","5.06","yellow","2022"
"1.5","2.16","yellow","2022"
"0.72","1.76","yellow","2022"
"0.9","1.65","yellow","2022"
"1.2","2.05","yellow","2022"
"10.33","10.28","yellow","2022"
"2.14","1.5","yellow","2022"
"8.45","9.4","yellow","2022"
"2.66","3.76","yellow","2022"
"5.02","3.96","yellow","2022"
"2.37","2.0","yellow","2022"
"0.89","1.86","yellow","2022"
"1.65","2.16","yellow","2022"
"1.29","0.93","yellow","2022"
"13.07","8.26","yellow","2022"
"1.57","2.26","yellow","2022"
"3.03","4.89","yellow","2022"
"1.92","2.56","yellow","2022"
"3.7","4.45","yellow","2022"
"4.0","3.95","yellow","2022"
"2.62","2.66","yellow","2022"
"2.23","2.5","yellow","2022"
"1.75","1.5","yellow","2022"
"0.93","2.06","yellow","2022"
"0.8","1.85","yellow","2022"
"3.9","2.97","yellow","2022"
"3.6","3.46","yellow","2022"
"3.29","3.16","yellow","2022"
"2.43","3.32","yellow","2022"
"20.57","15.76","yellow","2022"
"3.4","5.64","yellow","2022"
"4.1","3.75","yellow","2022"
"1.06","2.06","yellow","2022"
"7.89","3.82","yellow","2022"
"12.8","7.5","yellow","2022"
"2.4","2.75","yellow","2022"
"1.91","1.0","yellow","2022"
"1.37","2.16","yellow","2022"
"2.64","2.3","yellow","2022"
"0.62","1.95","yellow","2022"
"2.84","2.96","yellow","2022"
"3.52","3.26","yellow","2022"
"0.59","1.0","yellow","2022"
"1.36","1.96","yellow","2022"
"1.43","4.0","yellow","2022"
"3.8","1.0","yellow","2022"
"1.0","1.75","yellow","2022"
"0.7","2.73","yellow","2024"
"1.78","5.49","yellow","2024"
"1.87","4.8","yellow","2024"
"2.1","3.52","yellow","2024"
"10.0","9.2","yellow","2024"
"1.5","4.26","yellow","2024"
"3.29","7.1","yellow","2024"
"1.24","4.04","yellow","2024"
"4.21","8.03","yellow","2024"
"0.7","2.05","yellow","2024"
"5.68","10.1","yellow","2024"
"1.7","2.79","yellow","2024"
"2.38","2.13","yellow","2024"
"1.9","3.31","yellow","2024"
"0.9","6.0","yellow","2024"
"1.1","2.58","yellow","2024"
"2.72","2.0","yellow","2024"
"2.52","3.4","yellow","2024"
"2.0","3.64","yellow","2024"
"1.28","3.64","yellow","2024"
"1.16","2.86","yellow","2024"
"1.37","3.64","yellow","2024"
"1.3","2.16","yellow","2024"
"0.6","2.16","yellow","2024"
"1.1","1.93","yellow","2024"
"1.6","4.42","yellow","2024"
"2.16","5.75","yellow","2024"
"1.07","3.64","yellow","2024"
"1.0","4.53","yellow","2024"
"4.23","10.36","yellow","2024"
"1.6","4.28","yellow","2024"
"2.04","3.15","yellow","2024"
"5.56","6.44","yellow","2024"
"11.14","13.01","yellow","2024"
"0.91","1.82","yellow","2024"
"1.85","4.11","yellow","2024"
"8.69","10.67","yellow","2024"
"3.48","6.0","yellow","2024"
"1.6","1.24","yellow","2024"
"6.47","10.84","yellow","2024"
"2.36","5.48","yellow","2024"
"5.07","8.63","yellow","2024"
"4.47","2.0","yellow","2024"
"0.57","5.0","yellow","2024"
"1.94","5.0","yellow","2024"
"1.44","3.64","yellow","2024"
"2.23","7.25","yellow","2024"
"4.03","4.21","yellow","2024"
"1.36","3.15","yellow","2024"
"3.23","1.61","yellow","2024"
"1.98","4.5","yellow","2024"
"1.87","4.08","yellow","2024"
"5.37","9.2","yellow","2024"
"16.54","20.11","yellow","2024"
"2.33","7.16","yellow","2024"
"2.93","5.83","yellow","2024"
"1.1","3.72","yellow","2024"
"1.8","4.32","yellow","2024"
"4.92","7.64","yellow","2024"
"1.2","3.02","yellow","2024"
"0.92","8.2","yellow","2024"
"7.72","12.3","yellow","2024"
"2.17","5.0","yellow","2024"
"4.44","12.4","yellow","2024"
"3.67","13.32","yellow","2024"
"2.87","10.0","yellow","2024"
"2.39","5.18","yellow","2024"
"5.72","3.0","yellow","2024"
"4.34","2.0","yellow","2024"
"0.8","3.28","yellow","2024"
"1.0","2.0","yellow","2024"
"2.63","4.0","yellow","2024"
"2.85","2.0","yellow","2024"
"1.95","5.24","yellow","2024"
"3.86","9.27","yellow","2024"
"1.2","2.73","yellow","2024"
"18.58","14.19","yellow","2024"
"4.67","7.62","yellow","2024"
"2.19","3.27","yellow","2024"
"0.81","3.64","yellow","2024"
"5.74","13.01","yellow","2024"
"1.2","2.26","yellow","2024"
"1.56","4.91","yellow","2024"
"0.92","3.14","yellow","2024"
"3.84","17.66","yellow","2024"
"2.9","4.15","yellow","2024"
"1.57","0.59","yellow","2024"
"12.06","4.0","yellow","2024"
"1.14","1.82","yellow","2024"
"6.77","8.18","yellow","2024"
"1.72","2.87","yellow","2024"
"0.9","3.16","yellow","2024"
"3.02","8.0","yellow","2024"
"4.7","6.52","yellow","2024"
"2.5","2.16","yellow","2024"
"1.1","3.0","yellow","2024"
"1.6","4.15","yellow","2024"
"1.31","4.63","yellow","2024"
"2.46","4.51","yellow","2024"
"2.68","2.0","yellow","2024"
"0.86","2.73","yellow","2024"
"3.05","6.34","yellow","2024"
"2.45","5.4","yellow","2024"
"2.52","3.0","yellow","2024"
"0.68","3.64","yellow","2024"
"1.24","4.16","yellow","2024"
"2.85","3.0","yellow","2024"
"1.41","1.92","yellow","2024"
"1.05","3.14","yellow","2024"
"4.05","3.97","yellow","2024"
"2.4","4.58","yellow","2024"
"1.58","3.72","yellow","2024"
"5.04","8.56","yellow","2024"
"1.1","2.1","yellow","2024"
"3.08","3.31","yellow","2024"
"3.0","5.0","yellow","2024"
"1.21","1.82","yellow","2024"
"0.81","3.15","yellow","2024"
"1.49","3.64","yellow","2024"
"1.46","0.37","yellow","2024"
"0.8","2.88","yellow","2024"
"0.81","1.82","yellow","2024"
"1.03","1.57","yellow","2024"
"5.25","9.64","yellow","2024"
"3.1","6.51","yellow","2024"
"4.03","4.12","yellow","2024"
"2.71","7.47","yellow","2024"
"5.4","10.16","yellow","2024"
"2.27","3.57","yellow","2024"
"1.56","2.0","yellow","2024"
"1.3","3.64","yellow","2024"
"4.52","4.0","yellow","2024"
"5.01","1.0","yellow","2024"
"1.29","3.64","yellow","2024"
"1.58","2.04","yellow","2024"
"9.71","2.0","yellow","2024"
"9.56","11.77","yellow","2024"
"1.2","2.56","yellow","2024"
"1.92","3.14","yellow","2024"
"1.85","3.31","yellow","2024"
"1.61","3.54","yellow","2024"
"4.31","8.24","yellow","2024"
"1.07","4.67","yellow","2024"
"1.09","2.19","yellow","2024"
"9.39","11.73","yellow","2024"
"3.1","2.26","yellow","2024"
"2.67","4.46","yellow","2024"
"0.96","3.64","yellow","2024"
"0.64","3.64","yellow","2024"
"3.51","10.98","yellow","2024"
"0.84","2.74","yellow","2024"
"1.89","3.22","yellow","2024"
"2.2","4.68","yellow","2024"
"0.75","1.82","yellow","2024"
"0.6","4.56","yellow","2024"
"3.35","7.71","yellow","2024"
"2.49","3.11","yellow","2024"
"3.96","5.45","yellow","2024"
"1.94","3.64","yellow","2024"
"1.45","2.36","yellow","2024"
"0.8","3.64","yellow","2024"
"1.5","1.04","yellow","2024"
"0.56","2.73","yellow","2024"
"1.37","1.82","yellow","2024"
"4.05","7.19","yellow","2024"
"0.98","2.36","yellow","2024"
"4.11","1.0","yellow","2024"
"2.87","1.8","yellow","2024"
"1.26","10.0","yellow","2024"
"6.86","9.98","yellow","2024"
"0.57","4.12","yellow","2024"
"3.55","2.0","yellow","2024"
"0.91","3.64","yellow","2024"
"0.56","3.28","yellow","2024"
"3.39","2.09","yellow","2024"
"2.84","6.56","yellow","2024"
"0.79","3.64","yellow","2024"
"4.15","1.89","yellow","2024"
"1.34","3.15","yellow","2024"
"0.89","3.64","yellow","2024"
"0.72","3.64","yellow","2024"
"0.56","2.73","yellow","2024"
"20.28","19.23","yellow","2024"
"0.72","3.64","yellow","2024"
"1.1","2.68","yellow","2024"
"1.3","2.68","yellow","2024"
"2.78","8.67","yellow","2024"
"2.08","5.59","yellow","2024"
"2.32","1.0","yellow","2024"
"3.58","2.0","yellow","2024"
"0.9","3.64","yellow","2024"
"3.57","6.22","yellow","2024"
"1.86","5.01","yellow","2024"
"1.5","2.7","yellow","2024"
"3.34","7.57","yellow","2024"
"1.8","3.11","yellow","2024"
"1.17","2.0","yellow","2024"
"1.77","5.0","yellow","2024"
"1.51","2.0","yellow","2024"
"2.71","6.13","yellow","2024"
"2.3","4.56","yellow","2024"
"1.58","2.36","yellow","2024"
"1.5","2.79","yellow","2024"
"3.73","7.03","yellow","2024"
"5.65","6.13","yellow","2024"
"0.85","3.64","yellow","2024"
"2.15","1.0","yellow","2024"
"1.8","2.68","yellow","2024"
"0.77","5.47","yellow","2024"
"1.74","3.64","yellow","2024"
"0.82","3.64","yellow","2024"
"1.6","1.79","yellow","2024"
"3.48","4.0","yellow","2024"
"0.68","2.73","yellow","2024"
"2.75","3.0","yellow","2024"
"0.98","4.48","yellow","2024"
"2.27","3.89","yellow","2024"
"1.76","1.0","yellow","2024"
"1.5","2.68","yellow","2024"
"16.42","1.0","yellow","2024"
"1.49","1.97","yellow","2024"
"0.59","3.64","yellow","2024"
"1.49","3.7","yellow","2024"
"2.03","4.97","yellow","2024"
"1.22","3.64","yellow","2024"
"2.61","6.64","yellow","2024"
"1.36","3.64","yellow","2024"
"0.99","3.64","yellow","2024"
"1.35","3.64","yellow","2024"
"3.51","1.0","yellow","2024"
"0.63","2.73","yellow","2024"
"8.27","2.99","yellow","2024"
"2.27","4.8","yellow","2024"
"2.58","5.44","yellow","2024"
"2.41","5.69","yellow","2024"
"2.3","1.39","yellow","2024"
"9.04","18.39","yellow","2024"
"1.7","3.71","yellow","2024"
"2.75","5.0","yellow","2024"
"5.0","5.61","yellow","2024"
"3.46","6.48","yellow","2024"
"2.75","4.79","yellow","2024"
"4.93","8.91","yellow","2024"
"0.86","2.73","yellow","2024"
"4.12","7.47","yellow","2024"
"2.3","4.98","yellow","2024"
"3.74","1.61","yellow","2024"
"1.79","2.0","yellow","2024"
"4.43","8.4","yellow","2024"
"2.88","5.37","yellow","2024"
"1.81","3.46","yellow","2024"
"4.2","6.8","yellow","2024"
"0.52","5.47","yellow","2024"
"2.1","2.98","yellow","2024"
"1.53","4.14","yellow","2024"
"4.19","8.72","yellow","2024"
"1.32","1.82","yellow","2024"
"0.88","4.56","yellow","2024"
"6.5","5.73","yellow","2024"
"4.43","5.52","yellow","2024"
"6.93","10.91","yellow","2024"
"2.7","5.84","yellow","2024"
"5.53","7.12","yellow","2024"
"6.14","8.19","yellow","2024"
"3.93","5.16","yellow","2024"
"1.9","3.11","yellow","2024"
"0.62","5.47","yellow","2024"
"5.4","3.75","yellow","2024"
"0.78","3.0","yellow","2024"
"2.69","2.95","yellow","2024"
"1.56","3.61","yellow","2024"
"0.9","3.0","yellow","2024"
"0.57","3.64","yellow","2024"
"0.71","4.91","yellow","2024"
"1.49","4.26","yellow","2024"
"1.01","2.73","yellow","2024"
"1.69","4.35","yellow","2024"
"2.7","2.42","yellow","2024"
"2.01","3.99","yellow","2024"
"1.36","4.42","yellow","2024"
"1.91","1.0","yellow","2024"
"2.11","5.37","yellow","2024"
"2.13","5.37","yellow","2024"
"0.83","1.82","yellow","2024"
"6.66","8.96","yellow","2024"
"0.8","2.16","yellow","2024"
"2.5","7.08","yellow","2024"
"2.67","6.74","yellow","2024"
"2.6","4.06","yellow","2024"
"3.15","5.53","yellow","2024"
"1.19","2.04","yellow","2024"
"1.01","2.8","yellow","2024"
"1.16","3.69","yellow","2024"
"5.99","8.38","yellow","2024"
"2.32","2.99","yellow","2024"
"2.27","3.84","yellow","2024"
"1.16","3.64","yellow","2024"
"6.74","9.05","yellow","2024"
"2.49","2.75","yellow","2024"
"1.58","4.56","yellow","2024"
"2.74","3.62","green","2024"
"1.43","3.54","green","2024"
"3.7","5.25","green","2024"
"2.74","3.62","green","2024"
"8.13","7.26","green","2024"
"7.86","14.64","green","2024"
"2.23","4.35","green","2024"
"1.91","2.19","green","2024"
"5.9","6.55","green","2024"
"0.7","0.38","green","2024"
"0.57","2.49","green","2024"
"0.93","2.08","green","2024"
"1.02","2.6","green","2024"
"5.15","2.0","green","2024"
"5.66","5.0","green","2024"
"2.73","3.62","green","2024"
"1.01","2.78","green","2024"
"3.41","1.0","green","2024"
"0.58","3.96","green","2024"
"12.03","1.0","green","2024"
"12.23","18.6","green","2024"
"5.35","5.0","green","2024"
"1.15","3.6","green","2024"
"5.01","3.45","green","2024"
"3.58","4.59","green","2024"
"2.3","3.2","green","2024"
"1.43","3.75","green","2024"
"3.36","4.18","green","2024"
"6.3","13.35","green","2024"
"5.56","6.22","green","2024"
"9.02","5.0","green","2024"
"1.97","2.92","green","2024"
"1.28","3.54","green","2024"
"0.92","1.94","green","2024"
"5.92","6.97","green","2024"
"4.09","5.72","green","2024"
"8.87","4.0","green","2024"
"2.79","4.32","green","2024"
"6.3","21.5","green","2024"
"6.53","8.37","green","2024"
"0.68","1.8","green","2024"
"3.4","4.18","green","2024"
"1.44","2.5","green","2024"
"5.24","10.26","green","2024"
"3.01","4.52","green","2024"
"7.68","12.75","green","2024"
"1.0","2.0","green","2024"
"2.36","5.22","green","2024"
"7.55","9.5","green","2024"
"7.9","5.0","green","2024"
"7.86","1.0","green","2024"
"9.86","0.8","green","2024"
"1.67","2.5","green","2024"
"7.2","30.0","green","2024"
"1.19","2.6","green","2024"
"10.51","30.0","green","2024"
"1.49","2.03","green","2024"
"0.69","1.26","green","2024"
"4.28","5.15","green","2024"
"2.46","1.0","green","2024"
"0.87","0.01","green","2024"
"18.21","17.2","green","2024"
"2.34","3.41","green","2024"
"1.97","2.58","green","2024"
"5.88","2.0","green","2024"
"4.06","5.66","green","2024"
"11.97","9.3","green","2024"
"1.46","3.5","green","2024"
"1.94","2.44","green","2024"
"1.64","3.87","green","2024"
"8.5","14.69","green","2024"
"7.38","22.32","green","2024"
"1.45","2.02","green","2024"
"7.18","21.42","green","2024"
"1.0","1.7","green","2024"
"2.05","2.69","green","2024"
"1.65","2.0","green","2024"
"14.48","2.0","green","2024"
"3.85","4.82","green","2024"
"3.24","4.26","green","2024"
"1.51","2.58","green","2024"
"3.39","7.23","green","2024"
"1.24","2.57","green","2024"
"1.34","3.24","green","2024"
"11.22","2.0","green","2024"
"0.98","1.74","green","2024"
"1.68","2.0","green","2024"
"8.02","9.65","green","2024"
"2.18","2.0","green","2024"
"3.82","5.85","green","2024"
"1.2","1.85","green","2024"
"1.23","1.0","green","2024"
"4.59","2.0","green","2024"
"3.04","3.92","green","2024"
"2.3","3.27","green","2024"
"2.64","15.0","green","2024"
"4.88","2.96","green","2024"
"2.82","2.0","green","2024"
"2.14","3.13","green","2024"
"3.39","4.39","green","2024"
"3.3","4.12","green","2024"
"6.86","3.54","green","2024"
"1.59","2.71","green","2024"
"2.8","5.14","green","2024"
"0.73","1.74","green","2024"
"2.53","3.7","green","2024"
"8.6","9.87","green","2024"
"1.98","1.64","green","2024"
"0.53","1.18","green","2024"
"1.03","0.57","green","2024"
"1.68","2.85","green","2024"
"1.75","2.3","green","2024"
"2.19","20.0","green","2024"
"1.53","2.43","green","2024"
"5.3","2.0","green","2024"
"6.59","7.75","green","2024"
"3.7","4.65","green","2024"
"2.71","5.85","green","2024"
"3.07","4.53","green","2024"
"3.25","4.53","green","2024"
"2.34","3.0","green","2024"
"1.52","2.16","green","2024"
"1.7","1.5","green","2024"
"10.06","14.36","green","2024"
"2.2","3.55","green","2024"
"0.99","2.02","green","2024"
"2.36","3.41","green","2024"
"2.84","3.97","green","2024"
"2.85","1.1","green","2024"
"2.42","2.0","green","2024"
"2.15","3.27","green","2024"
"2.92","8.0","green","2024"
"1.77","2.0","green","2024"
"1.24","1.88","green","2024"
"0.66","2.0","green","2024"
"2.97","4.11","green","2024"
"2.1","3.07","green","2024"
"0.79","1.0","green","2024"
"1.15","2.16","green","2024"
"1.18","2.16","green","2024"
"2.65","3.83","green","2024"
"3.01","4.25","green","2024"
"1.37","2.52","green","2024"
"2.72","4.11","green","2024"
"1.97","3.55","green","2024"
"0.98","2.35","green","2024"
"5.5","6.35","green","2024"
"2.54","4.26","green","2024"
"7.49","12.75","green","2024"
"2.83","3.97","green","2024"
"3.52","4.67","green","2024"
"1.56","2.85","green","2024"
"1.69","2.44","green","2024"
"2.93","2.0","green","2024"
"3.52","5.68","green","2024"
"2.14","4.61","green","2024"
"2.46","1.0","green","2024"
"11.01","12.2","green","2024"
"2.54","3.28","green","2024"
"2.2","2.8","green","2024"
"3.01","4.0","green","2024"
"1.0","1.6","green","2024"
"4.72","14.62","green","2024"
"2.02","2.86","green","2024"
"9.94","16.24","green","2024"
"1.8","2.0","green","2024"
"2.69","5.74","green","2024"
"2.58","3.0","green","2024"
"2.93","4.25","green","2024"
"1.86","2.35","green","2024"
"2.17","3.92","green","2024"
"2.55","3.83","green","2024"
"1.34","1.82","green","2024"
"1.16","2.0","green","2024"
"1.06","1.0","green","2024"
"1.29","2.44","green","2024"
"1.11","2.16","green","2024"
"1.16","2.0","green","2024"
"0.66","1.0","green","2024"
"2.74","2.0","green","2024"
"1.76","2.58","green","2024"
"2.31","3.14","green","2024"
"1.88","2.72","green","2024"
"2.12","3.14","green","2024"
"3.41","4.39","green","2024"
"2.36","3.55","green","2024"
"2.7","3.83","green","2024"
"1.22","1.74","green","2024"
"0.81","2.02","green","2024"
"1.5","3.0","green","2024"
"0.63","2.35","green","2024"
"3.41","3.0","green","2024"
"2.57","4.11","green","2024"
"3.0","3.8","green","2024"
"3.15","4.39","green","2024"
"1.04","3.03","green","2024"
"2.98","2.0","green","2024"
"1.5","2.0","green","2024"
"4.09","7.06","green","2024"
"2.69","2.87","green","2024"
"4.18","4.53","green","2024"
"2.78","4.53","green","2024"
"2.12","3.41","green","2024"
"2.75","3.29","green","2024"
"2.3","2.25","green","2024"
"2.33","2.04","green","2024"
"1.91","3.0","green","2024"
"2.28","3.41","green","2024"
"2.9","4.25","green","2024"
"5.93","8.03","green","2024"
"2.29","2.66","green","2024"
"1.15","1.88","green","2024"
"3.66","3.0","green","2024"
"1.04","2.35","green","2024"
"2.2","1.0","green","2024"
"3.83","3.4","green","2024"
"1.78","2.85","green","2024"
"1.86","3.0","green","2024"
"2.83","3.95","green","2024"
"2.17","3.69","green","2024"
"8.04","7.47","green","2024"
"3.82","5.1","green","2024"
"2.36","3.69","green","2024"
"3.12","4.25","green","2024"
"2.85","4.39","green","2024"
"2.37","3.69","green","2024"
"2.23","2.0","green","2024"
"3.71","4.7","green","2024"
"2.96","3.97","green","2024"
"1.9","1.0","green","2024"
"2.95","1.0","green","2024"
"2.44","3.97","green","2024"
"2.85","4.39","green","2024"
"1.96","1.0","green","2024"
"2.67","3.0","green","2024"
"1.03","2.3","green","2024"
"3.26","3.61","green","2024"
"4.62","5.52","green","2024"
"2.03","3.14","green","2024"
"2.7","4.1","green","2024"
"3.98","4.0","green","2024"
"1.41","2.72","green","2024"
"3.52","4.81","green","2024"
"2.49","3.2","green","2024"
"2.39","5.31","green","2024"
"0.81","2.16","green","2024"
"1.97","3.41","green","2024"
"1.16","2.52","green","2024"
"2.48","3.69","green","2024"
"1.57","2.44","green","2024"
"8.13","2.85","green","2024"
"1.35","2.16","green","2024"
"1.4","2.7","green","2024"
"3.76","3.5","green","2024"
"2.82","3.97","green","2024"
"1.3","2.0","green","2024"
"2.3","3.69","green","2024"
"1.99","4.09","green","2024"
"2.92","3.97","green","2024"
"7.1","1.0","green","2024"
"1.48","1.62","green","2024"
"1.72","4.0","green","2024"
"1.11","1.88","green","2024"
"1.46","2.16","green","2024"
"1.94","2.0","green","2024"
"2.51","2.78","green","2024"
"1.29","5.0","green","2024"
"1.76","3.13","green","2024"
"2.87","4.25","green","2024"
"1.11","2.0","green","2024"
"2.4","3.2","green","2024"
"2.4","4.05","green","2024"
"2.82","2.98","green","2024"
"2.46","3.69","green","2024"
"2.7","3.83","green","2024"
"1.88","3.0","green","2024"
"17.83","16.71","green","2024"
"2.3","1.0","green","2024"
"7.32","3.15","green","2024"
"2.24","4.71","green","2024"
"1.66","3.0","green","2024"
"2.1","3.28","green","2024"
"3.28","6.81","green","2024"
"0.97","3.2","green","2024"
"2.87","4.11","green","2024"
"3.55","3.33","green","2024"
"1.73","4.08","green","2024"
"3.1","3.0","green","2024"
"2.34","1.84","green","2024"
"3.1","4.5","green","2024"
"1.26","1.0","green","2024"
"2.89","3.98","green","2024"
"2.0","3.28","green","2024"
"1.72","2.85","green","2024"
"2.6","3.8","green","2024"
"2.39","3.83","green","2024"
"3.12","4.96","green","2024"
"16.92","20.25","green","2024"
"1.44","2.5","green","2024"
"1.2","2.4","green","2024"
"0.73","1.8","green","2023"
"1.53","2.36","green","2023"
"1.93","2.1","green","2023"
"5.24","2.8","green","2023"
"0.76","1.8","green","2023"
"2.91","4.04","green","2023"
"7.21","11.2","green","2023"
"5.63","6.83","green","2023"
"0.87","2.08","green","2023"
"7.83","11.72","green","2023"
"16.96","5.6","green","2023"
"4.67","4.74","green","2023"
"4.73","4.88","green","2023"
"2.37","0.08","green","2023"
"17.82","14.4","green","2023"
"4.79","9.08","green","2023"
"2.49","2.6","green","2023"
"2.42","1.46","green","2023"
"1.49","2.5","green","2023"
"1.86","2.92","green","2023"
"0.81","5.0","green","2023"
"1.34","2.22","green","2023"
"0.6","5.0","green","2023"
"1.37","2.36","green","2023"
"2.62","4.46","green","2023"
"4.7","5.15","green","2023"
"3.52","5.71","green","2023"
"2.74","4.03","green","2023"
"5.89","5.0","green","2023"
"1.19","2.08","green","2023"
"2.88","3.9","green","2023"
"7.6","5.0","green","2023"
"1.53","18.0","green","2023"
"10.99","10.05","green","2023"
"0.62","1.0","green","2023"
"1.76","3.75","green","2023"
"7.89","8.72","green","2023"
"3.66","2.0","green","2023"
"3.45","4.88","green","2023"
"1.18","2.22","green","2023"
"0.86","1.94","green","2023"
"2.88","5.43","green","2023"
"6.52","6.14","green","2023"
"2.34","4.0","green","2023"
"1.2","2.5","green","2023"
"7.8","12.3","green","2023"
"0.9","0.07","green","2023"
"1.3","3.12","green","2023"
"7.6","9.37","green","2023"
"3.33","3.13","green","2023"
"3.73","4.59","green","2023"
"0.8","2.15","green","2023"
"6.76","5.08","green","2023"
"1.43","2.02","green","2023"
"1.38","2.88","green","2023"
"1.48","2.16","green","2023"
"3.4","4.81","green","2023"
"1.38","2.02","green","2023"
"1.41","2.3","green","2023"
"2.18","2.86","green","2023"
"1.37","2.52","green","2023"
"1.82","2.54","green","2023"
"1.9","3.41","green","2023"
"3.47","4.25","green","2023"
"9.71","8.87","green","2023"
"0.63","1.98","green","2023"
"6.97","5.8","green","2023"
"1.0","2.3","green","2023"
"1.3","2.85","green","2023"
"1.4","2.7","green","2023"
"1.06","2.44","green","2023"
"3.88","4.39","green","2023"
"1.46","2.0","green","2023"
"1.56","2.3","green","2023"
"1.5","1.0","green","2023"
"2.1","2.0","green","2023"
"0.89","2.86","green","2023"
"1.99","3.56","green","2023"
"1.39","2.44","green","2023"
"1.8","3.1","green","2023"
"5.0","6.9","green","2023"
"1.38","2.16","green","2023"
"1.28","1.0","green","2023"
"1.7","3.28","green","2023"
"0.71","2.61","green","2023"
"7.91","13.0","green","2023"
"1.3","2.16","green","2023"
"0.69","1.1","green","2023"
"2.91","2.0","green","2023"
"1.4","2.4","green","2023"
"1.43","2.58","green","2023"
"0.97","3.13","green","2023"
"1.25","2.57","green","2023"
"7.93","8.89","green","2023"
"2.39","1.0","green","2023"
"0.84","1.0","green","2023"
"1.55","2.44","green","2023"
"0.87","1.9","green","2023"
"1.66","2.44","green","2023"
"1.01","1.0","green","2023"
"1.4","2.3","green","2023"
"1.19","2.02","green","2023"
"1.3","2.3","green","2023"
"1.5","2.4","green","2023"
"1.36","3.0","green","2023"
"0.64","1.32","green","2023"
"2.92","5.49","green","2023"
"5.55","7.06","green","2023"
"0.63","1.51","green","2023"
"1.3","3.0","green","2023"
"1.5","2.85","green","2023"
"1.32","3.45","green","2023"
"0.87","2.18","green","2023"
"0.86","1.0","green","2023"
"2.58","3.84","green","2023"
"6.89","7.0","green","2023"
"0.7","1.85","green","2023"
"1.3","2.55","green","2023"
"1.21","2.16","green","2023"
"1.91","2.0","green","2023"
"0.81","2.43","green","2023"
"1.42","1.0","green","2023"
"1.16","2.02","green","2023"
"1.35","1.5","green","2023"
"0.89","2.88","green","2023"
"1.48","1.0","green","2023"
"0.6","5.0","green","2023"
"6.98","8.29","green","2023"
"6.99","8.75","green","2023"
"1.52","2.3","green","2023"
"1.59","1.5","green","2023"
"1.04","2.16","green","2023"
"1.14","2.86","green","2023"
"1.59","2.44","green","2023"
"1.4","2.55","green","2023"
"1.67","4.5","green","2023"
"0.86","2.82","green","2023"
"2.93","2.0","green","2023"
"1.34","2.16","green","2023"
"1.37","2.02","green","2023"
"2.05","3.14","green","2023"
"1.48","1.0","green","2023"
"3.14","4.81","green","2023"
"2.23","1.0","green","2023"
"2.73","1.5","green","2023"
"1.8","1.15","green","2023"
"4.0","5.09","green","2023"
"1.39","2.02","green","2023"
"1.7","3.92","green","2023"
"1.35","1.0","green","2023"
"0.95","1.0","green","2023"
"0.97","2.44","green","2023"
"1.05","2.16","green","2023"
"18.47","15.69","green","2023"
"1.89","3.5","green","2023"
"1.14","3.2","green","2023"
"2.54","4.53","green","2023"
"5.43","6.07","green","2023"
"1.01","2.0","green","2023"
"8.21","3.0","green","2023"
"0.72","1.6","green","2023"
"2.5","5.1","green","2023"
"1.8","2.85","green","2023"
"1.54","3.22","green","2023"
"3.6","4.25","green","2023"
"1.4","2.3","green","2023"
"1.03","5.0","green","2023"
"0.57","1.14","green","2023"
"1.2","3.04","green","2023"
"1.11","1.88","green","2023"
"1.29","2.04","green","2023"
"1.37","2.0","green","2023"
"11.69","9.69","green","2023"
"3.08","4.0","green","2023"
"1.47","2.88","green","2023"
"3.44","5.23","green","2023"
"1.25","2.16","green","2023"
"2.11","3.97","green","2023"
"1.1","2.88","green","2023"
"1.7","4.25","green","2023"
"1.51","1.0","green","2023"
"0.78","1.74","green","2023"
"1.6","2.77","green","2023"
"3.58","1.0","green","2023"
"0.67","2.18","green","2023"
"1.77","2.0","green","2023"
"1.6","2.4","green","2023"
"4.38","9.86","green","2023"
"2.4","4.6","green","2023"
"9.6","9.95","green","2023"
"1.31","2.58","green","2023"
"1.95","3.56","green","2023"
"4.0","5.51","green","2023"
"4.2","2.0","green","2023"
"0.74","1.0","green","2023"
"2.4","4.65","green","2023"
"2.23","1.5","green","2023"
"0.74","3.22","green","2023"
"3.56","6.18","green","2023"
"1.28","3.4","green","2023"
"1.3","3.75","green","2023"
"2.7","5.1","green","2023"
"2.1","2.0","green","2023"
"1.31","2.3","green","2023"
"1.17","2.86","green","2023"
"2.22","1.11","green","2023"
"0.86","2.35","green","2023"
"1.41","2.72","green","2023"
"1.9","3.28","green","2023"
"4.09","4.96","green","2023"
"5.21","7.9","green","2023"
"3.6","2.0","green","2023"
"3.22","2.0","green","2023"
"1.41","2.0","green","2023"
"1.38","2.85","green","2023"
"2.6","5.93","green","2023"
"7.95","5.0","green","2023"
"1.15","2.44","green","2023"
"3.42","7.94","green","2023"
"1.99","1.92","green","2023"
"0.99","2.02","green","2023"
"0.77","2.0","green","2023"
"6.79","10.76","green","2023"
"2.64","5.66","green","2023"
"1.43","2.3","green","2023"
"0.9","2.88","green","2023"
"2.0","3.25","green","2023"
"1.5","2.7","green","2023"
"1.92","3.0","green","2023"
"8.33","7.0","green","2023"
"0.77","2.16","green","2023"
"2.18","5.09","green","2023"
"3.0","4.39","green","2023"
"2.36","2.0","green","2023"
"3.73","5.51","green","2023"
"2.81","4.39","green","2023"
"0.95","1.74","green","2023"
"2.2","3.0","green","2023"
"0.9","2.02","green","2023"
"1.2","2.15","green","2023"
"2.4","2.0","green","2023"
"1.01","2.3","green","2023"
"2.86","3.97","green","2023"
"1.46","2.44","green","2023"
"0.99","1.52","green","2023"
"2.03","2.86","green","2023"
"2.56","5.49","green","2023"
"1.51","3.91","green","2023"
"2.9","5.35","green","2023"
"1.9","3.25","green","2023"
"7.38","3.89","green","2023"
"1.23","3.05","green","2023"
"0.81","2.4","green","2023"
"2.99","4.53","green","2023"
"1.91","3.28","green","2023"
"1.55","2.58","green","2023"
"1.0","2.02","green","2023"
"0.97","1.5","green","2023"
"18.69","15.69","green","2023"
"1.39","2.16","green","2023"
"1.81","3.4","green","2023"
"1.42","2.99","green","2023"
"7.12","9.01","green","2023"
"1.14","1.5","green","2023"
"2.46","4.53","green","2023"
"7.89","6.86","green","2023"
"1.29","2.43","green","2023"
"1.15","1.0","green","2023"
"2.01","0.45","green","2023"
"0.8","1.6","green","2023"
"3.1","5.65","green","2023"
"1.22","1.72","green","2023"
"2.5","2.77","green","2023"
"1.7","3.1","green","2023"
"9.07","5.0","green","2023"
"2.59","4.25","green","2023"
"2.08","2.0","green","2023"
"1.85","2.87","green","2023"
"4.23","6.49","green","2023"
"2.1","4.1","green","2023"
"1.52","1.0","green","2023"
"1.94","4.08","green","2023"
"1.5","2.35","green","2023"
"1.38","2.3","green","2023"
"1.48","2.3","green","2023"
"3.01","4.81","green","2023"
"0.7","1.25","green","2023"
"2.28","3.97","green","2023"
"1.21","2.02","green","2023"
"3.21","5.51","green","2023"
"3.73","7.59","green","2023"
"2.07","3.08","green","2023"
"1.3","2.02","green","2023"
"1.4","2.02","green","2023"
"2.4","4.1","green","2023"
"1.33","3.45","green","2023"
"1.22","2.57","green","2023"
"2.59","1.64","green","2023"
"3.35","8.81","green","2023"
"1.66","2.0","green","2023"
"2.57","4.06","yellow","2023"
"8.8","14.45","yellow","2023"
"0.81","0.8","yellow","2023"
"6.76","1.0","yellow","2023"
"0.7","2.24","yellow","2023"
"0.54","1.96","yellow","2023"
"4.08","5.6","yellow","2023"
"1.96","2.0","yellow","2023"
"1.05","3.64","yellow","2023"
"8.88","10.0","yellow","2023"
"10.73","13.73","yellow","2023"
"0.51","1.96","yellow","2023"
"7.28","7.64","yellow","2023"
"1.2","1.0","yellow","2023"
"1.06","3.33","yellow","2023"
"17.79","16.04","yellow","2023"
"18.51","20.23","yellow","2023"
"17.44","20.23","yellow","2023"
"11.69","13.52","yellow","2023"
"2.52","4.76","yellow","2023"
"0.7","2.5","yellow","2023"
"2.9","4.6","yellow","2023"
"1.11","4.06","yellow","2023"
"1.31","4.06","yellow","2023"
"16.0","20.25","yellow","2023"
"2.0","3.75","yellow","2023"
"0.96","1.0","yellow","2023"
"1.03","3.5","yellow","2023"
"14.24","12.0","yellow","2023"
"1.7","4.5","yellow","2023"
"1.5","3.5","yellow","2023"
"0.59","2.0","yellow","2023"
"0.92","2.98","yellow","2023"
"1.12","3.5","yellow","2023"
"3.7","7.0","yellow","2023"
"26.41","20.23","yellow","2023"
"0.9","2.15","yellow","2023"
"1.7","3.5","yellow","2023"
"2.33","5.32","yellow","2023"
"0.92","2.66","yellow","2023"
"0.9","5.55","yellow","2023"
"0.94","2.38","yellow","2023"
"2.06","2.0","yellow","2023"
"1.72","2.0","yellow","2023"
"10.26","13.59","yellow","2023"
"8.7","11.4","yellow","2023"
"1.74","22.0","yellow","2023"
"1.2","1.5","yellow","2023"
"16.6","16.19","yellow","2023"
"1.55","3.36","yellow","2023"
"4.32","6.44","yellow","2023"
"14.82","20.37","yellow","2023"
"17.51","16.19","yellow","2023"
"0.9","1.0","yellow","2023"
"2.6","5.3","yellow","2023"
"12.26","17.0","yellow","2023"
"17.45","16.19","yellow","2023"
"2.5","5.6","yellow","2023"
"1.17","3.08","yellow","2023"
"2.4","6.3","yellow","2023"
"0.66","2.62","yellow","2023"
"1.58","3.22","yellow","2023"
"1.54","3.36","yellow","2023"
"1.4","3.5","yellow","2023"
"2.8","2.0","yellow","2023"
"43.99","60.6","yellow","2023"
"4.19","7.35","yellow","2023"
"6.92","7.84","yellow","2023"
"1.38","2.8","yellow","2023"
"4.5","7.0","yellow","2023"
"8.7","12.05","yellow","2023"
"10.8","14.2","yellow","2023"
"12.0","12.0","yellow","2023"
"1.17","3.5","yellow","2023"
"11.09","20.17","yellow","2023"
"1.15","3.36","yellow","2023"
"0.91","2.8","yellow","2023"
"2.14","4.34","yellow","2023"
"1.31","3.78","yellow","2023"
"2.82","1.0","yellow","2023"
"11.13","10.0","yellow","2023"
"4.97","7.4","yellow","2023"
"1.67","4.34","yellow","2023"
"2.47","7.0","yellow","2023"
"1.92","2.5","yellow","2023"
"1.63","5.78","yellow","2023"
"11.3","17.0","yellow","2023"
"1.64","5.42","yellow","2023"
"0.77","3.36","yellow","2023"
"3.46","7.56","yellow","2023"
"1.3","2.8","yellow","2023"
"1.2","3.5","yellow","2023"
"1.5","1.5","yellow","2023"
"9.13","8.67","yellow","2023"
"0.64","2.94","yellow","2023"
"1.19","2.94","yellow","2023"
"3.48","1.0","yellow","2023"
"3.56","6.72","yellow","2023"
"0.75","2.24","yellow","2023"
"1.42","2.62","yellow","2023"
"17.15","5.0","yellow","2023"
"0.92","2.82","yellow","2023"
"1.07","2.0","yellow","2023"
"3.59","7.98","yellow","2023"
"10.44","12.89","yellow","2023"
"1.24","2.52","yellow","2023"
"1.22","3.15","yellow","2023"
"11.02","16.51","yellow","2023"
"1.29","3.22","yellow","2023"
"0.6","0.9","yellow","2023"
"1.3","1.68","yellow","2023"
"1.3","5.0","yellow","2023"
"1.3","2.94","yellow","2023"
"0.8","3.1","yellow","2023"
"1.1","2.5","yellow","2023"
"4.12","1.0","yellow","2023"
"6.03","9.8","yellow","2023"
"2.87","4.34","yellow","2023"
"18.31","20.23","yellow","2023"
"0.74","2.52","yellow","2023"
"0.72","2.52","yellow","2023"
"3.7","5.0","yellow","2023"
"4.2","3.3","yellow","2023"
"1.03","3.08","yellow","2023"
"1.92","3.85","yellow","2023"
"2.09","4.76","yellow","2023"
"3.0","5.85","yellow","2023"
"3.33","5.74","yellow","2023"
"0.8","1.54","yellow","2023"
"1.91","3.92","yellow","2023"
"1.62","3.92","yellow","2023"
"2.15","3.99","yellow","2023"
"11.13","17.86","yellow","2023"
"10.07","11.63","yellow","2023"
"1.93","4.2","yellow","2023"
"1.14","2.94","yellow","2023"
"19.0","5.0","yellow","2023"
"1.07","2.94","yellow","2023"
"0.64","1.0","yellow","2023"
"13.48","14.64","yellow","2023"
"0.86","2.52","yellow","2023"
"1.4","3.5","yellow","2023"
"0.6","1.5","yellow","2023"
"2.3","5.05","yellow","2023"
"0.8","2.8","yellow","2023"
"0.7","2.8","yellow","2023"
"2.8","5.3","yellow","2023"
"2.2","2.0","yellow","2023"
"10.45","9.94","yellow","2023"
"1.1","3.78","yellow","2023"
"8.74","13.71","yellow","2023"
"2.34","7.0","yellow","2023"
"1.46","1.0","yellow","2023"
"10.7","14.95","yellow","2023"
"4.9","1.11","yellow","2023"
"17.68","13.49","yellow","2023"
"2.21","3.0","yellow","2023"
"0.96","3.33","yellow","2023"
"0.52","2.38","yellow","2023"
"2.62","7.98","yellow","2023"
"2.98","4.9","yellow","2023"
"12.14","16.81","yellow","2023"
"1.1","2.8","yellow","2023"
"1.4","4.8","yellow","2023"
"23.24","19.94","yellow","2023"
"2.06","4.06","yellow","2023"
"1.52","1.0","yellow","2023"
"9.03","5.0","yellow","2023"
"4.29","7.56","yellow","2023"
"0.73","2.38","yellow","2023"
"3.38","5.88","yellow","2023"
"0.9","1.0","yellow","2023"
"2.69","7.98","yellow","2023"
"1.07","4.9","yellow","2023"
"4.11","3.0","yellow","2023"
"1.41","3.33","yellow","2023"
"18.84","16.19","yellow","2023"
"17.94","16.54","yellow","2023"
"8.2","8.91","yellow","2023"
"8.16","10.02","yellow","2023"
"1.28","2.24","yellow","2023"
"0.76","2.38","yellow","2023"
"0.66","1.5","yellow","2023"
"0.56","2.1","yellow","2023"
"1.78","4.62","yellow","2023"
"15.91","20.23","yellow","2023"
"1.72","5.74","yellow","2023"
"1.3","3.92","yellow","2023"
"0.8","1.58","yellow","2023"
"2.6","4.3","yellow","2023"
"5.78","7.28","yellow","2023"
"1.0","4.0","yellow","2023"
"1.6","3.0","yellow","2023"
"1.01","2.38","yellow","2023"
"2.54","5.0","yellow","2023"
"1.27","2.8","yellow","2023"
"2.65","5.88","yellow","2023"
"10.66","12.41","yellow","2023"
"1.88","3.78","yellow","2023"
"2.61","4.9","yellow","2023"
"1.16","3.0","yellow","2023"
"1.82","3.78","yellow","2023"
"0.6","1.95","yellow","2023"
"1.3","3.6","yellow","2023"
"12.62","13.78","yellow","2023"
"0.78","2.24","yellow","2023"
"2.87","8.4","yellow","2023"
"5.25","6.72","yellow","2023"
"1.89","5.55","yellow","2023"
"1.49","3.08","yellow","2023"
"0.62","2.8","yellow","2023"
"1.67","3.78","yellow","2023"
"10.6","18.07","yellow","2023"
"4.03","4.9","yellow","2023"
"0.52","1.82","yellow","2023"
"0.85","2.38","yellow","2023"
"3.9","5.6","yellow","2023"
"1.0","5.1","yellow","2023"
"0.6","2.24","yellow","2023"
"2.6","2.0","yellow","2023"
"2.35","5.32","yellow","2023"
"3.07","3.0","yellow","2023"
"1.39","3.36","yellow","2023"
"17.79","16.19","yellow","2023"
"0.7","2.0","yellow","2023"
"17.17","16.19","yellow","2023"
"8.48","11.77","yellow","2023"
"2.14","4.62","yellow","2023"
"0.89","1.89","yellow","2023"
"2.9","5.3","yellow","2023"
"17.51","18.94","yellow","2023"
"12.02","10.0","yellow","2023"
"28.99","18.5","yellow","2023"
"1.3","4.2","yellow","2023"
"3.6","7.0","yellow","2023"
"12.72","12.0","yellow","2023"
"1.09","3.08","yellow","2023"
"4.1","9.45","yellow","2023"
"0.96","2.52","yellow","2023"
"1.46","2.58","yellow","2023"
"9.89","12.89","yellow","2023"
"14.4","15.46","yellow","2023"
"10.9","13.66","yellow","2023"
"3.31","5.32","yellow","2023"
"1.52","3.36","yellow","2023"
"2.72","2.0","yellow","2023"
"1.92","4.9","yellow","2023"
"1.5","3.6","yellow","2023"
"3.1","5.15","yellow","2023"
"16.44","14.8","yellow","2023"
"1.65","4.02","yellow","2023"
"1.2","2.0","yellow","2023"
"1.78","3.78","yellow","2023"
"0.86","2.24","yellow","2023"
"11.5","16.64","yellow","2023"
"1.83","3.92","yellow","2023"
"1.1","2.0","yellow","2023"
"1.3","2.7","yellow","2023"
"1.0","2.4","yellow","2023"
"1.7","2.0","yellow","2023"
"0.52","1.2","yellow","2023"
"1.02","2.52","yellow","2023"
"1.21","1.0","yellow","2023"
"9.59","10.66","yellow","2023"
"1.5","3.5","yellow","2023"
"0.99","1.4","yellow","2023"
"3.05","6.72","yellow","2023"
"0.67","1.0","yellow","2023"
"1.42","3.92","yellow","2023"
"3.74","6.02","yellow","2023"
"11.5","13.87","yellow","2023"
"2.76","2.0","yellow","2023"
"2.55","4.48","yellow","2023"
"6.69","8.69","yellow","2023"
"4.09","6.58","yellow","2023"
"1.31","2.0","yellow","2023"
"16.89","16.19","yellow","2023"
"1.27","3.22","yellow","2023"
"2.08","5.18","yellow","2023"
"1.07","3.5","yellow","2023"
"1.53","3.08","yellow","2023"
"4.39","9.62","yellow","2023"
"7.3","5.0","yellow","2023"
"2.07","3.78","yellow","2023"
"0.99","1.0","yellow","2023"
"1.73","2.8","yellow","2023"
"1.79","4.76","yellow","2023"
"0.59","1.7","yellow","2023"
"12.29","13.87","yellow","2023"
"2.97","4.0","yellow","2023"
"3.77","7.0","yellow","2023"
"11.9","12.45","yellow","2023"
"2.06","2.0","yellow","2023"
"9.61","11.14","yellow","2023"
"6.23","4.0","yellow","2023"
"1.12","2.52","yellow","2023"
"0.68","2.8","yellow","2023"
"0.86","3.08","yellow","2023"
"2.54","5.04","yellow","2023"
"1.78","5.6","yellow","2023"
"3.7","4.6","green","2022"
"6.26","5.21","green","2022"
"4.75","4.21","green","2022"
"0.7","1.45","green","2022"
"7.54","6.11","green","2022"
"3.96","5.61","green","2022"
"6.2","12.61","green","2022"
"2.19","1.62","green","2022"
"0.71","1.16","green","2022"
"0.88","2.08","green","2022"
"5.74","3.76","green","2022"
"1.09","1.0","green","2022"
"1.92","1.86","green","2022"
"1.77","2.94","green","2022"
"1.21","1.56","green","2022"
"4.75","2.5","green","2022"
"7.2","5.2","green","2022"
"2.7","3.0","green","2022"
"6.4","7.95","green","2022"
"0.9","1.46","green","2022"
"10.49","9.26","green","2022"
"16.38","7.0","green","2022"
"0.93","1.7","green","2022"
"0.87","1.76","green","2022"
"3.53","3.82","green","2022"
"2.8","2.55","green","2022"
"0.62","1.89","green","2022"
"1.72","1.2","green","2022"
"3.34","3.06","green","2022"
"0.89","5.0","green","2022"
"2.7","3.2","green","2022"
"2.44","2.26","green","2022"
"3.8","3.36","green","2022"
"5.73","4.46","green","2022"
"0.69","1.16","green","2022"
"0.77","1.36","green","2022"
"1.04","1.56","green","2022"
"3.61","3.71","green","2022"
"18.05","10.0","green","2022"
"5.97","4.0","green","2022"
"1.58","1.76","green","2022"
"0.53","2.06","green","2022"
"3.8","3.7","green","2022"
"5.7","4.9","green","2022"
"1.07","1.7","green","2022"
"4.18","3.26","green","2022"
"6.92","5.97","green","2022"
"1.17","1.46","green","2022"
"0.58","1.16","green","2022"
"7.41","5.41","green","2022"
"2.46","2.36","green","2022"
"0.93","1.36","green","2022"
"1.5","1.85","green","2022"
"3.6","5.85","green","2022"
"1.54","2.49","green","2022"
"1.07","1.86","green","2022"
"3.3","0.98","green","2022"
"3.17","3.21","green","2022"
"7.0","5.5","green","2022"
"2.6","4.5","green","2022"
"6.13","1.0","green","2022"
"10.52","7.11","green","2022"
"2.22","2.71","green","2022"
"0.71","1.74","green","2022"
"1.41","1.56","green","2022"
"2.43","3.24","green","2022"
"0.9","3.0","green","2022"
"1.1","1.85","green","2022"
"8.22","3.0","green","2022"
"1.65","2.79","green","2022"
"4.88","4.11","green","2022"
"2.81","2.66","green","2022"
"5.85","5.01","green","2022"
"2.08","2.7","green","2022"
"1.67","1.96","green","2022"
"1.98","1.8","green","2022"
"2.6","2.0","green","2022"
"1.88","9.06","green","2022"
"0.64","1.44","green","2022"
"1.61","6.06","green","2022"
"7.73","2.0","green","2022"
"9.32","2.0","green","2022"
"6.35","4.16","green","2022"
"3.1","2.91","green","2022"
"4.0","3.61","green","2022"
"10.57","17.58","green","2022"
"10.58","9.32","green","2022"
"6.28","5.0","green","2022"
"1.14","0.8","green","2022"
"4.75","2.0","green","2022"
"3.7","2.76","green","2022"
"2.99","2.46","green","2022"
"21.14","5.0","green","2022"
"2.0","2.85","green","2022"
"1.4","1.36","green","2022"
"3.64","1.0","green","2022"
"1.33","2.08","green","2022"
"1.0","1.7","green","2022"
"3.54","1.0","green","2022"
"4.01","4.26","green","2022"
"1.18","3.0","green","2022"
"1.42","2.39","green","2022"
"17.18","11.47","green","2022"
"0.71","1.0","green","2022"
"0.72","1.06","green","2022"
"4.2","2.85","green","2022"
"5.9","5.35","green","2022"
"20.04","6.0","green","2022"
"1.44","2.21","green","2022"
"0.69","1.74","green","2022"
"1.2","1.45","green","2022"
"3.06","1.16","green","2022"
"1.3","2.0","green","2022"
"1.0","1.0","green","2022"
"2.52","3.76","green","2022"
"1.03","1.0","green","2022"
"1.05","1.0","green","2022"
"2.46","1.0","green","2022"
"1.94","2.0","green","2022"
"0.8","1.26","green","2022"
"1.37","2.0","green","2022"
"1.82","2.31","green","2022"
"0.91","1.26","green","2022"
"4.13","5.34","green","2022"
"2.85","2.56","green","2022"
"1.45","1.0","green","2022"
"8.1","5.61","green","2022"
"1.46","1.91","green","2022"
"4.53","3.91","green","2022"
"6.91","5.47","green","2022"
"8.57","6.21","green","2022"
"1.2","1.0","green","2022"
"3.7","3.3","green","2022"
"17.73","14.06","green","2022"
"4.66","5.39","green","2022"
"4.1","3.6","green","2022"
"4.07","2.76","green","2022"
"3.25","3.06","green","2022"
"2.44","2.16","green","2022"
"2.36","2.7","green","2022"
"3.19","1.52","green","2022"
"3.91","3.45","green","2022"
"1.65","2.64","green","2022"
"2.01","2.7","green","2022"
"4.74","8.0","green","2022"
"0.9","1.89","green","2022"
"3.92","3.91","green","2022"
"1.29","2.0","green","2022"
"1.71","1.96","green","2022"
"1.67","1.0","green","2022"
"1.76","2.08","green","2022"
"2.64","2.91","green","2022"
"2.26","3.0","green","2022"
"3.06","3.21","green","2022"
"11.9","1.0","green","2022"
"3.49","3.61","green","2022"
"6.65","6.0","green","2022"
"2.0","1.76","green","2022"
"2.82","2.0","green","2022"
"3.34","2.5","green","2022"
"3.33","3.61","green","2022"
"0.91","2.0","green","2022"
"1.16","0.1","green","2022"
"1.6","2.79","green","2022"
"8.75","5.0","green","2022"
"0.65","0.99","green","2022"
"1.6","2.75","green","2022"
"1.1","1.46","green","2022"
"3.0","2.33","green","2022"
"1.45","3.0","green","2022"
"1.52","1.66","green","2022"
"5.82","3.0","green","2022"
"4.17","10.0","green","2022"
"7.19","5.41","green","2022"
"6.08","4.91","green","2022"
"5.5","5.6","green","2022"
"2.11","2.51","green","2022"
"3.51","2.86","green","2022"
"2.3","1.0","green","2022"
"4.36","3.26","green","2022"
"6.18","2.0","green","2022"
"2.29","2.16","green","2022"
"1.03","1.36","green","2022"
"1.53","1.66","green","2022"
"1.48","1.56","green","2022"
"3.39","5.19","green","2022"
"2.23","2.16","green","2022"
"2.19","1.96","green","2022"
"2.1","1.95","green","2022"
"1.92","1.0","green","2022"
"3.21","2.56","green","2022"
"0.6","1.15","green","2022"
"1.13","2.19","green","2022"
"2.25","1.0","green","2022"
"1.03","1.7","green","2022"
"4.76","4.71","green","2022"
"7.0","4.0","green","2022"
"3.46","3.41","green","2022"
"3.62","3.71","green","2022"
"6.8","5.65","green","2022"
"1.66","2.95","green","2022"
"6.48","5.11","green","2022"
"2.93","4.52","green","2022"
"0.58","1.06","green","2022"
"2.02","2.31","green","2022"
"6.91","5.21","green","2022"
"1.03","0.08","green","2022"
"0.89","1.16","green","2022"
"1.9","1.5","green","2022"
"1.85","2.21","green","2022"
"4.75","4.61","green","2022"
"6.0","4.91","green","2022"
"1.31","5.0","green","2022"
"3.24","3.21","green","2022"
"3.26","3.11","green","2022"
"0.94","1.36","green","2022"
"10.8","7.2","green","2022"
"1.29","1.81","green","2022"
"2.25","2.0","green","2022"
"1.06","1.91","green","2022"
"2.37","3.0","green","2022"
"1.27","2.19","green","2022"
"3.3","2.5","green","2022"
"3.9","2.0","green","2022"
"0.88","1.16","green","2022"
"4.14","3.2","green","2022"
"1.67","0.5","green","2022"
"2.15","2.03","green","2022"
"3.2","3.21","green","2022"
"2.4","2.35","green","2022"
"1.8","0.7","green","2022"
"4.46","6.01","green","2022"
"0.98","3.0","green","2022"
"1.3","1.7","green","2022"
"4.69","5.8","green","2022"
"5.8","4.35","green","2022"
"15.9","13.44","green","2022"
"2.34","2.71","green","2022"
"2.03","2.61","green","2022"
"1.39","2.01","green","2022"
"2.87","2.71","green","2022"
"1.25","1.66","green","2022"
"2.77","2.91","green","2022"
"14.34","7.0","green","2022"
"7.08","4.26","green","2022"
"3.86","3.71","green","2022"
"1.3","3.0","green","2022"
"1.58","3.0","green","2022"
"2.87","30.0","green","2022"
"1.0","1.0","green","2022"
"1.3","0.2","green","2022"
"2.6","3.35","green","2022"
"1.5","1.99","green","2022"
"8.1","6.1","green","2022"
"3.07","3.51","green","2022"
"9.94","5.45","green","2022"
"2.61","2.88","green","2022"
"0.84","1.74","green","2022"
"0.8","1.0","green","2022"
"1.05","1.0","green","2022"
"2.2","2.8","green","2022"
"2.8","3.41","green","2022"
"5.87","5.21","green","2022"
"1.53","1.46","green","2022"
"5.3","4.91","green","2022"
"3.85","2.86","green","2022"
"7.16","5.58","green","2022"
"0.63","0.8","green","2022"
"2.46","3.0","green","2022"
"1.82","2.94","green","2022"
"6.77","6.86","green","2022"
"3.31","3.21","green","2022"
"0.88","2.04","green","2022"
"7.73","1.5","green","2022"
"1.48","1.24","green","2022"
"3.17","1.46","green","2022"
"2.1","2.0","green","2022"
"1.74","2.16","green","2022"
"14.39","10.62","green","2022"
"5.0","1.5","green","2022"
"4.14","4.01","green","2022"
"5.15","2.0","green","2022"
"1.3","1.0","green","2022"
"1.63","2.64","green","2022"
"1.97","1.0","green","2022"
"1.65","1.0","green","2022"
"3.11","3.61","green","2022"
"6.18","5.51","green","2022"
"1.71","3.24","green","2022"
"1.57","1.32","green","2022"
"1.22","2.34","green","2022"
"2.4","2.0","green","2022"
"0.79","1.0","green","2022"
"2.31","1.5","green","2022"
"1.19","2.49","green","2022"
"3.2","2.76","green","2022"
"3.07","3.41","green","2022"
"3.44","2.56","green","2022"
"1.41","2.34","green","2022"
"3.61","3.51","green","2022"
